ら戳,Θユ鸭,Θユ髅B,}L基,程蔼基,程C基,ΜL基,害^基t,Θユ掸计,Unnamed: 9
2019-12-05,1495000.0,299460500.0,180.72971290211,185.69978000691802,176.66329436181252,183.44065859564165,0.0,1040.0,
2019-12-06,1090000.0,225436500.0,180.72971290211,196.09173849878937,178.01876720857837,190.21802282947078,6.777364233829125,779.0,
2019-12-09,720502.0,151958920.0,189.76619854721548,194.28444136976825,187.95890141819442,187.95890141819442,-2.259121411276375,446.0,
2019-12-10,422300.0,85414750.0,185.24795572466275,186.15160428917332,180.72971290211,181.63336146662053,-6.32553995157385,310.0,
2019-12-11,394198.0,77153009.0,178.92241577308891,180.27788861985474,173.04870010377033,176.21147007955724,-5.421891387063301,285.0,
2019-12-12,230000.0,45554000.0,175.3078215150467,185.24795572466275,175.3078215150467,177.56694292632307,1.3554728467658252,193.0,
2019-12-13,461006.0,86654676.0,177.56694292632307,178.01876720857837,164.4640387409201,168.98228156347284,-8.584661362850225,354.0,
2019-12-16,111009.0,20765246.0,167.17498443445174,170.78957869249396,167.17498443445174,169.8859301279834,0.90364856451055,93.0,
2019-12-17,152044.0,29304580.0,169.8859301279834,176.21147007955724,169.8859301279834,173.50052438602563,3.6145942580422,134.0,
2019-12-18,66060.0,12611760.0,173.50052438602563,175.3078215150467,171.24140297474923,172.59687582151506,-0.90364856451055,62.0,
2019-12-19,58000.0,10911500.0,171.6932272570045,171.6932272570045,168.53045728121756,169.8859301279834,-2.7109456935316505,54.0,
2019-12-20,38030.0,7154230.0,169.8859301279834,171.24140297474923,168.98228156347284,169.43410584572814,-0.451824282255275,39.0,
2019-12-23,72026.0,13516479.0,169.43410584572814,170.78957869249396,168.98228156347284,169.8859301279834,0.451824282255275,57.0,
2019-12-24,55000.0,10232000.0,169.43410584572814,169.43410584572814,167.17498443445174,168.0786329989623,-1.8072971290211,53.0,
2019-12-25,25015.0,4671842.0,168.0786329989623,168.98228156347284,168.0786329989623,168.98228156347284,0.90364856451055,25.0,
2019-12-26,63178.0,11716128.0,168.53045728121756,168.53045728121756,167.17498443445174,167.17498443445174,-1.8072971290211,62.0,
2019-12-27,68005.0,12514440.0,167.62680871670702,167.62680871670702,165.36768730543068,166.2713358699412,-0.90364856451055,55.0,
2019-12-30,18071.0,3327099.0,165.81951158768592,167.62680871670702,165.81951158768592,167.62680871670702,1.3554728467658252,19.0,
2019-12-31,34000.0,6248000.0,166.2713358699412,166.2713358699412,165.81951158768592,165.81951158768592,-1.8072971290211,32.0,
2020-01-02,50005.0,9138927.0,166.2713358699412,166.2713358699412,164.4640387409201,165.36768730543068,-0.451824282255275,49.0,
2020-01-03,91006.0,16428610.0,165.36768730543068,165.36768730543068,160.8494444828779,162.656741611899,-2.7109456935316505,78.0,
2020-01-06,233009.0,39902602.0,160.8494444828779,160.8494444828779,152.26478312002766,153.6202559667935,-9.0364856451055,196.0,
2020-01-07,110133.0,19068440.0,153.6202559667935,159.0421473538568,153.6202559667935,158.59032307160152,4.970067104808025,85.0,
2020-01-08,41200.0,7140200.0,156.33120166032515,157.686674507091,154.97572881355933,155.87937737806988,-2.7109456935316505,38.0,
2020-01-09,62000.0,10939500.0,157.23485022483572,160.8494444828779,157.23485022483572,160.8494444828779,4.970067104808025,53.0,
2020-01-10,30000.0,5276500.0,159.94579591836734,159.94579591836734,158.13849878934624,158.13849878934624,-2.7109456935316505,25.0,
2020-01-13,32128.0,5626540.0,159.0421473538568,159.0421473538568,157.23485022483572,157.686674507091,-0.451824282255275,28.0,
2020-01-14,49020.0,8488010.0,157.686674507091,159.0421473538568,155.4275530958146,155.4275530958146,-2.259121411276375,45.0,
2020-01-15,46000.0,7984000.0,154.97572881355933,159.0421473538568,154.97572881355933,157.686674507091,2.259121411276375,40.0,
2020-01-16,25000.0,4409000.0,158.13849878934624,160.8494444828779,158.13849878934624,159.94579591836734,2.259121411276375,21.0,
2020-01-17,373005.0,65297900.0,159.94579591836734,159.94579591836734,158.13849878934624,158.13849878934624,-1.8072971290211,21.0,
2020-01-20,59020.0,10596140.0,159.94579591836734,163.56039017640956,159.94579591836734,163.56039017640956,5.421891387063301,52.0,
2020-01-30,82100.0,14160750.0,158.13849878934624,158.13849878934624,151.81295883777238,155.4275530958146,-8.13283708059495,77.0,
2020-01-31,38015.0,6634207.0,155.4275530958146,162.656741611899,155.4275530958146,162.656741611899,7.2291885160844,37.0,
2020-02-03,93000.0,16050000.0,159.0421473538568,159.0421473538568,153.6202559667935,159.0421473538568,-3.6145942580422,86.0,
2020-02-04,20010.0,3504260.0,157.686674507091,159.0421473538568,156.78302594258045,158.13849878934624,-0.90364856451055,18.0,
2020-02-05,21000.0,3652500.0,158.59032307160152,158.59032307160152,156.33120166032515,156.78302594258045,-1.3554728467658252,20.0,
2020-02-06,40000.0,6922500.0,156.78302594258045,156.78302594258045,155.87937737806988,156.78302594258045,0.0,34.0,
2020-02-07,53105.0,9043322.0,154.97572881355933,154.97572881355933,152.26478312002766,153.16843168453823,-3.6145942580422,47.0,
2020-02-10,134000.0,21662000.0,150.00566170875132,150.90931027326184,143.68012175717743,148.1983645797302,-4.970067104808025,125.0,
2020-02-11,30000.0,4911000.0,148.1983645797302,149.10201314424077,147.29471601521965,147.74654029747492,-0.451824282255275,29.0,
2020-02-12,36000.0,5944000.0,148.6501888619855,150.00566170875132,148.6501888619855,149.10201314424077,1.3554728467658252,33.0,
2020-02-13,52000.0,8569500.0,149.10201314424077,150.00566170875132,148.1983645797302,148.6501888619855,-0.451824282255275,28.0,
2020-02-14,24000.0,3940500.0,148.1983645797302,148.6501888619855,148.1983645797302,148.6501888619855,0.0,21.0,
2020-02-17,59000.0,9638500.0,148.1983645797302,150.00566170875132,145.48741888619855,146.3910674507091,-2.259121411276375,52.0,
2020-02-18,19030.0,3081890.0,147.29471601521965,147.29471601521965,145.93924316845383,146.3910674507091,0.0,20.0,
2020-02-19,27000.0,4395500.0,146.84289173296438,147.74654029747492,146.3910674507091,146.84289173296438,0.451824282255275,20.0,
2020-02-20,58000.0,9414000.0,146.84289173296438,147.29471601521965,145.93924316845383,147.29471601521965,0.451824282255275,33.0,
2020-02-21,37000.0,5982000.0,147.29471601521965,147.29471601521965,145.03559460394328,145.48741888619855,-1.8072971290211,32.0,
2020-02-24,59000.0,9301500.0,143.68012175717743,143.68012175717743,141.87282462815637,141.87282462815637,-3.6145942580422,58.0,
2020-02-25,41000.0,6329000.0,140.06552749913527,140.96917606364582,137.80640608785887,139.61370321687997,-2.259121411276375,39.0,
2020-02-26,17006.0,2648487.0,138.25823037011415,144.583770321688,138.25823037011415,140.06552749913527,0.451824282255275,18.0,
2020-02-27,60000.0,9091500.0,138.25823037011415,138.71005465236942,135.54728467658248,135.54728467658248,-4.51824282255275,45.0,
2020-03-02,53000.0,7853500.0,133.7399875475614,137.3545818056036,131.48086613628502,136.45093324109305,0.90364856451055,43.0,
2020-03-03,106010.0,16640160.0,137.80640608785887,145.48741888619855,137.80640608785887,145.48741888619855,9.0364856451055,92.0,
2020-03-04,136050.0,22239350.0,149.10201314424077,149.10201314424077,145.03559460394328,149.10201314424077,3.6145942580422,111.0,
2020-03-05,119087.0,20225638.0,149.10201314424077,156.78302594258045,149.10201314424077,155.4275530958146,6.32553995157385,110.0,
2020-03-06,74000.0,12472000.0,153.6202559667935,154.07208024904878,151.3611345555171,152.71660740228296,-2.7109456935316505,44.0,
2020-03-09,78059.0,12752999.0,151.3611345555171,151.3611345555171,144.583770321688,145.03559460394328,-7.681012798339675,68.0,
2020-03-10,34000.0,5477500.0,140.06552749913527,149.10201314424077,140.06552749913527,149.10201314424077,4.066418540297475,34.0,
2020-03-11,17000.0,2764000.0,150.00566170875132,150.45748599100656,145.48741888619855,145.48741888619855,-3.6145942580422,17.0,
2020-03-12,41010.0,6373060.0,142.32464891041164,142.32464891041164,137.3545818056036,140.06552749913527,-5.421891387063301,41.0,
2020-03-13,139084.0,19566764.0,131.93269041854032,131.93269041854032,126.05897474922173,131.93269041854032,-8.13283708059495,138.0,
2020-03-16,52000.0,7134500.0,126.51079903147702,128.3180961604981,120.18525907990316,120.18525907990316,-11.747431338637151,49.0,
2020-03-17,123000.0,14851000.0,113.8597191283293,113.8597191283293,108.437827741266,108.437827741266,-11.747431338637151,99.0,
2020-03-18,32000.0,3730500.0,108.437827741266,108.437827741266,101.2086392251816,105.72688204773436,-2.7109456935316505,32.0,
2020-03-19,71022.0,7578332.0,101.2086392251816,101.2086392251816,95.33492355586303,95.33492355586303,-10.391958491871325,57.0,
2020-03-20,68000.0,7389000.0,96.69039640262885,101.2086392251816,95.33492355586303,96.23857212037358,0.90364856451055,61.0,
2020-03-23,89000.0,8608900.0,93.07580214458666,93.07580214458666,86.65989733656176,86.65989733656176,-9.578674783811831,73.0,
2020-03-24,157000.0,15184500.0,85.03332992044275,92.62397786233137,85.03332992044275,92.62397786233137,5.96408052576963,114.0,
2020-03-25,171000.0,19075000.0,97.59404496713941,101.66046350743689,97.59404496713941,101.66046350743689,9.0364856451055,131.0,
2020-03-26,260062.0,31946657.0,111.60059771705292,111.60059771705292,108.88965202352128,111.60059771705292,9.94013420961605,160.0,
2020-03-27,210100.0,25754100.0,114.76336769283985,114.76336769283985,107.08235489450017,111.60059771705292,0.0,180.0,
2020-03-30,83000.0,9952000.0,107.08235489450017,110.2451248702871,106.6305306122449,110.2451248702871,-1.3554728467658252,67.0,
2020-03-31,136000.0,16953000.0,116.57066482186096,116.57066482186096,109.34147630577655,116.57066482186096,6.32553995157385,115.0,
2020-04-01,56000.0,7030500.0,114.76336769283985,114.76336769283985,112.95607056381876,113.40789484607403,-3.162769975786925,56.0,
2020-04-06,43010.0,5288760.0,112.95607056381876,112.95607056381876,110.2451248702871,110.69694915254237,-2.7109456935316505,41.0,
2020-04-07,96003.0,11777379.0,112.50424628156348,112.95607056381876,110.2451248702871,110.2451248702871,-0.451824282255275,89.0,
2020-04-08,116000.0,14408500.0,110.69694915254237,115.21519197509512,109.79330058803184,113.40789484607403,3.162769975786925,106.0,
2020-04-09,89000.0,11089000.0,115.6670162573504,115.6670162573504,110.69694915254237,110.69694915254237,-2.7109456935316505,79.0,
2020-04-10,34000.0,4181500.0,112.50424628156348,112.50424628156348,110.2451248702871,111.60059771705292,0.90364856451055,29.0,
2020-04-13,72137.0,8752303.0,109.34147630577655,111.14877343479765,108.88965202352128,108.88965202352128,-2.7109456935316505,63.0,
2020-04-14,38028.0,4644472.0,109.34147630577655,111.14877343479765,109.34147630577655,111.14877343479765,2.259121411276375,37.0,
2020-04-15,62029.0,7725625.0,112.50424628156348,113.8597191283293,111.60059771705292,112.05242199930821,0.90364856451055,54.0,
2020-04-16,24000.0,2933500.0,110.2451248702871,111.14877343479765,109.79330058803184,110.69694915254237,-1.3554728467658252,22.0,
2020-04-17,49026.0,5995659.0,112.05242199930821,112.95607056381876,108.88965202352128,108.88965202352128,-1.8072971290211,49.0,
2020-04-20,44000.0,5438500.0,110.2451248702871,112.50424628156348,110.2451248702871,112.50424628156348,3.6145942580422,33.0,
2020-04-21,47006.0,5697228.0,112.50424628156348,112.50424628156348,108.437827741266,108.88965202352128,-3.6145942580422,44.0,
2020-04-22,9003.0,1098867.0,108.437827741266,111.14877343479765,108.437827741266,109.79330058803184,0.90364856451055,10.0,
2020-04-23,21000.0,2550500.0,111.14877343479765,111.14877343479765,108.88965202352128,109.34147630577655,-0.451824282255275,20.0,
2020-04-24,20000.0,2421000.0,108.437827741266,110.2451248702871,108.437827741266,109.34147630577655,0.0,20.0,
2020-04-27,82020.0,9978480.0,109.34147630577655,111.14877343479765,108.88965202352128,111.14877343479765,1.8072971290211,74.0,
2020-04-28,71000.0,8825000.0,112.95607056381876,113.40789484607403,111.14877343479765,111.14877343479765,0.0,68.0,
2020-04-29,77007.0,9440385.0,111.14877343479765,112.50424628156348,108.437827741266,112.50424628156348,1.3554728467658252,71.0,
2020-04-30,207000.0,27562000.0,113.8597191283293,123.34802905569008,113.40789484607403,123.34802905569008,10.843782774126602,162.0,
2020-05-04,163000.0,21468500.0,119.73343479764787,121.54073192666897,117.4743133863715,118.37796195088205,-4.970067104808025,142.0,
2020-05-05,51000.0,6742000.0,120.18525907990316,120.63708336215844,118.82978623313733,119.73343479764787,1.3554728467658252,49.0,
2020-05-06,38111.0,5049763.0,119.2816105153926,120.18525907990316,119.2816105153926,120.18525907990316,0.451824282255275,33.0,
2020-05-07,51000.0,6725500.0,120.18525907990316,120.63708336215844,118.37796195088205,118.82978623313733,-1.3554728467658252,40.0,
2020-05-08,23000.0,3030000.0,119.2816105153926,119.73343479764787,118.82978623313733,118.82978623313733,0.0,21.0,
2020-05-11,93000.0,11892000.0,117.02248910411623,118.82978623313733,111.14877343479765,118.82978623313733,0.0,83.0,
2020-05-12,44000.0,5684500.0,119.2816105153926,119.2816105153926,115.6670162573504,116.11884053960569,-2.7109456935316505,42.0,
2020-05-13,74000.0,9610500.0,116.57066482186096,118.37796195088205,116.11884053960569,118.37796195088205,2.259121411276375,65.0,
2020-05-14,197008.0,26707128.0,118.37796195088205,127.41444759598754,118.37796195088205,122.44438049117953,4.066418540297475,161.0,
2020-05-15,96020.0,13156330.0,121.08890764441371,126.05897474922173,121.08890764441371,125.60715046696646,3.162769975786925,86.0,
2020-05-18,89020.0,12360830.0,125.60715046696646,127.41444759598754,123.79985333794535,126.05897474922173,0.451824282255275,80.0,
2020-05-19,137000.0,18998000.0,127.41444759598754,127.41444759598754,123.34802905569008,125.60715046696646,-0.451824282255275,108.0,
2020-05-20,63000.0,8627000.0,124.25167762020062,125.60715046696646,122.44438049117953,124.25167762020062,-1.3554728467658252,54.0,
2020-05-21,174000.0,24514000.0,125.15532618471119,130.1253932895192,125.15532618471119,130.1253932895192,5.8737156693185755,134.0,
2020-05-22,97000.0,13874500.0,130.57721757177447,131.02904185402974,127.41444759598754,129.67356900726392,-0.451824282255275,85.0,
2020-05-25,86000.0,12423000.0,131.02904185402974,132.3845147007956,129.22174472500865,131.02904185402974,1.3554728467658252,74.0,
2020-05-26,138200.0,20695400.0,131.93269041854032,138.25823037011415,131.48086613628502,135.0954603943272,4.066418540297475,126.0,
2020-05-27,79000.0,11819500.0,135.54728467658248,137.80640608785887,133.28816326530614,135.54728467658248,0.451824282255275,65.0,
2020-05-28,102002.0,15204298.0,135.54728467658248,135.99910895883778,133.7399875475614,135.0954603943272,-0.451824282255275,77.0,
2020-05-29,68158.0,9971647.0,133.28816326530614,133.7399875475614,131.02904185402974,133.28816326530614,-1.8072971290211,68.0,
2020-06-01,77108.0,11365214.0,134.64363611207196,134.64363611207196,131.93269041854032,131.93269041854032,-1.3554728467658252,72.0,
2020-06-02,55000.0,8032000.0,133.28816326530614,133.28816326530614,131.48086613628502,131.93269041854032,0.0,55.0,
2020-06-03,78000.0,11475500.0,132.3845147007956,133.7399875475614,132.3845147007956,132.83633898305087,0.90364856451055,60.0,
2020-06-04,76000.0,11232500.0,133.28816326530614,134.1918118298167,132.83633898305087,133.28816326530614,0.451824282255275,60.0,
2020-06-05,50366.0,7558583.0,135.0954603943272,136.90275752334833,135.0954603943272,135.0954603943272,1.8072971290211,50.0,
2020-06-08,106150.0,16064825.0,136.45093324109305,139.1618789346247,134.1918118298167,138.71005465236942,3.6145942580422,96.0,
2020-06-09,67232.0,10111264.0,138.25823037011415,138.71005465236942,135.0954603943272,135.54728467658248,-3.162769975786925,59.0,
2020-06-10,97130.0,14193610.0,135.54728467658248,135.54728467658248,129.67356900726392,131.93269041854032,-3.6145942580422,95.0,
2020-06-11,66226.0,9695770.0,132.3845147007956,134.64363611207196,129.67356900726392,129.67356900726392,-2.259121411276375,66.0,
2020-06-12,74000.0,10377500.0,123.79985333794535,129.67356900726392,123.79985333794535,129.67356900726392,0.0,61.0,
2020-06-15,25075.0,3579300.0,129.67356900726392,130.57721757177447,128.3180961604981,128.3180961604981,-1.3554728467658252,25.0,
2020-06-16,21070.0,3025500.0,129.22174472500865,131.02904185402974,128.76992044275337,131.02904185402974,2.7109456935316505,22.0,
2020-06-17,25050.0,3673950.0,131.48086613628502,133.7399875475614,131.48086613628502,132.3845147007956,1.3554728467658252,26.0,
2020-06-18,32055.0,4681057.0,132.83633898305087,133.7399875475614,130.1253932895192,130.57721757177447,-1.8072971290211,31.0,
2020-06-19,21000.0,3033000.0,130.57721757177447,131.02904185402974,130.1253932895192,131.02904185402974,0.451824282255275,19.0,
2020-06-22,19000.0,2740500.0,130.1253932895192,131.02904185402974,129.67356900726392,130.57721757177447,-0.451824282255275,19.0,
2020-06-23,29050.0,4164225.0,131.02904185402974,131.02904185402974,129.22174472500865,129.22174472500865,-1.3554728467658252,29.0,
2020-06-24,19051.0,2733216.0,129.67356900726392,131.48086613628502,128.3180961604981,128.3180961604981,-0.90364856451055,21.0,
2020-06-29,46000.0,6381500.0,127.86627187824281,127.86627187824281,124.25167762020062,124.25167762020062,-4.066418540297475,46.0,
2020-06-30,64000.0,9270999.0,124.25167762020062,134.64363611207196,124.25167762020062,134.64363611207196,10.391958491871325,59.0,
2020-07-01,53086.0,7817642.0,132.3845147007956,134.64363611207196,131.48086613628502,131.93269041854032,-2.7109456935316505,51.0,
2020-07-02,49200.0,7316600.0,132.3845147007956,135.54728467658248,132.3845147007956,134.64363611207196,2.7109456935316505,44.0,
2020-07-03,53200.0,7888200.0,136.90275752334833,136.90275752334833,132.83633898305087,133.28816326530614,-1.3554728467658252,53.0,
2020-07-06,36000.0,5358000.0,134.64363611207196,135.0954603943272,133.7399875475614,134.64363611207196,1.3554728467658252,31.0,
2020-07-07,29093.0,4299810.0,135.54728467658248,135.54728467658248,132.83633898305087,133.28816326530614,-1.3554728467658252,28.0,
2020-07-08,26000.0,3833500.0,133.28816326530614,134.1918118298167,132.3845147007956,132.3845147007956,-0.90364856451055,25.0,
2020-07-09,67119.0,9721636.0,132.3845147007956,132.3845147007956,129.22174472500865,129.67356900726392,-2.7109456935316505,65.0,
2020-07-10,38000.0,5480000.0,130.1253932895192,131.48086613628502,129.67356900726392,130.1253932895192,0.451824282255275,35.0,
2020-07-13,25000.0,3614500.0,131.48086613628502,131.48086613628502,130.57721757177447,130.57721757177447,0.451824282255275,21.0,
2020-07-14,31000.0,4500500.0,132.83633898305087,134.1918118298167,130.1253932895192,130.57721757177447,0.0,30.0,
2020-07-15,53008.0,7632156.0,131.02904185402974,131.02904185402974,129.67356900726392,130.57721757177447,0.0,38.0,
2020-07-16,101000.0,14898500.0,132.83633898305087,134.1918118298167,131.93269041854032,132.83633898305087,2.259121411276375,83.0,
2020-07-17,110000.0,15092000.0,132.87457627118644,133.83050847457628,128.0949152542373,131.9186440677966,0.0,100.0,
2020-07-20,52000.0,6977000.0,130.00677966101696,130.00677966101696,126.66101694915254,129.52881355932203,-2.389830508474576,50.0,
2020-07-21,49000.0,6579500.0,129.05084745762713,130.00677966101696,126.66101694915254,127.61694915254238,-1.911864406779661,42.0,
2020-07-22,75000.0,10277500.0,129.05084745762713,131.9186440677966,128.5728813559322,130.48474576271187,2.8677966101694916,51.0,
2020-07-23,50000.0,6786500.0,130.00677966101696,131.9186440677966,129.05084745762713,129.52881355932203,-0.9559322033898305,20.0,
2020-07-24,49000.0,6613500.0,129.52881355932203,130.48474576271187,128.0949152542373,128.0949152542373,-1.4338983050847458,32.0,
2020-07-27,46000.0,6159000.0,128.5728813559322,129.52881355932203,127.61694915254238,127.61694915254238,-0.47796610169491527,20.0,
2020-07-28,70050.0,9137400.0,127.13898305084746,127.13898305084746,123.31525423728814,123.31525423728814,-4.301694915254237,58.0,
2020-07-29,32000.0,4184000.0,123.31525423728814,125.70508474576272,123.31525423728814,125.70508474576272,2.389830508474576,20.0,
2020-07-30,56010.0,7478855.0,125.2271186440678,130.48474576271187,125.2271186440678,129.52881355932203,3.823728813559322,36.0,
2020-07-31,158141.0,22554669.0,131.9186440677966,141.47796610169493,131.9186440677966,133.35254237288137,3.823728813559322,140.0,
2020-08-03,41060.0,5748400.0,133.83050847457628,136.22033898305085,132.39661016949154,132.87457627118644,-0.47796610169491527,30.0,
2020-08-04,28034.0,3936328.0,132.87457627118644,135.74237288135595,132.87457627118644,133.83050847457628,0.9559322033898305,13.0,
2020-08-05,28000.0,3939500.0,133.83050847457628,135.74237288135595,133.35254237288137,134.30847457627118,0.47796610169491527,16.0,
2020-08-06,52000.0,7266500.0,133.83050847457628,134.7864406779661,131.9186440677966,132.39661016949154,-1.911864406779661,38.0,
2020-08-07,14000.0,1944500.0,132.39661016949154,133.83050847457628,131.9186440677966,131.9186440677966,-0.47796610169491527,14.0,
2020-08-10,86000.0,12105000.0,133.83050847457628,135.74237288135595,132.87457627118644,132.87457627118644,0.9559322033898305,70.0,
2020-08-11,36000.0,5015500.0,132.87457627118644,134.30847457627118,131.9186440677966,131.9186440677966,-0.9559322033898305,27.0,
2020-08-12,19000.0,2624500.0,132.39661016949154,133.35254237288137,130.96271186440677,130.96271186440677,-0.9559322033898305,13.0,
2020-08-13,31000.0,4293500.0,130.96271186440677,133.83050847457628,130.00677966101696,130.00677966101696,-0.9559322033898305,25.0,
2020-08-14,30000.0,4109000.0,130.48474576271187,131.4406779661017,130.48474576271187,130.48474576271187,0.47796610169491527,17.0,
2020-08-17,113010.0,15378380.0,130.48474576271187,131.9186440677966,129.05084745762713,130.00677966101696,-0.47796610169491527,77.0,
2020-08-18,55000.0,7392000.0,130.00677966101696,130.00677966101696,128.0949152542373,128.0949152542373,-1.911864406779661,46.0,
2020-08-19,45000.0,5975000.0,129.05084745762713,129.05084745762713,125.70508474576272,125.70508474576272,-2.389830508474576,38.0,
2020-08-20,79011.0,10199485.0,125.70508474576272,127.61694915254238,119.49152542372882,121.40338983050847,-4.301694915254237,59.0,
2020-08-21,21000.0,2689000.0,121.40338983050847,123.31525423728814,121.40338983050847,122.35932203389831,0.9559322033898305,13.0,
2020-08-24,69000.0,9107500.0,123.31525423728814,129.05084745762713,123.31525423728814,128.5728813559322,6.213559322033898,50.0,
2020-08-25,46000.0,6150000.0,129.05084745762713,130.96271186440677,125.70508474576272,125.70508474576272,-2.8677966101694916,39.0,
2020-08-26,36000.0,4723500.0,125.2271186440678,127.13898305084746,123.79322033898305,123.79322033898305,-1.911864406779661,19.0,
2020-08-27,40000.0,5219000.0,125.2271186440678,125.70508474576272,124.27118644067797,124.27118644067797,0.47796610169491527,37.0,
2020-08-28,44000.0,5747000.0,124.27118644067797,126.18305084745764,124.27118644067797,124.27118644067797,0.0,30.0,
2020-08-31,39000.0,5074500.0,124.74915254237288,125.70508474576272,122.35932203389831,122.35932203389831,-1.911864406779661,24.0,
2020-09-01,22030.0,2835340.0,122.83728813559323,123.79322033898305,122.35932203389831,122.35932203389831,0.0,12.0,
2020-09-02,40000.0,5188000.0,122.83728813559323,125.2271186440678,122.83728813559323,124.27118644067797,1.911864406779661,24.0,
2020-09-03,36000.0,4686500.0,123.79322033898305,125.70508474576272,122.83728813559323,123.79322033898305,-0.47796610169491527,19.0,
2020-09-04,55000.0,7110500.0,123.31525423728814,124.27118644067797,122.35932203389831,124.27118644067797,0.47796610169491527,23.0,
2020-09-07,53000.0,6934500.0,125.2271186440678,126.66101694915254,123.31525423728814,123.31525423728814,-0.9559322033898305,36.0,
2020-09-08,45000.0,5642500.0,121.40338983050847,121.88135593220339,119.49152542372882,119.49152542372882,-3.823728813559322,40.0,
2020-09-09,39000.0,4827500.0,118.05762711864408,119.0135593220339,117.57966101694916,118.05762711864408,-1.4338983050847458,14.0,
2020-09-10,49000.0,6073000.0,118.05762711864408,119.96949152542373,116.62372881355932,118.05762711864408,0.0,30.0,
2020-09-11,137000.0,16129500.0,116.1457627118644,116.1457627118644,109.9322033898305,111.36610169491526,-6.691525423728814,109.0,
2020-09-14,23000.0,2710500.0,111.36610169491526,113.75593220338983,111.36610169491526,113.27796610169491,1.911864406779661,18.0,
2020-09-15,40000.0,4757500.0,112.3220338983051,115.18983050847459,112.3220338983051,114.71186440677967,1.4338983050847458,28.0,
2020-09-16,15000.0,1817000.0,114.71186440677967,116.62372881355932,114.71186440677967,115.18983050847459,0.47796610169491527,11.0,
2020-09-17,9000.0,1074500.0,115.18983050847459,115.18983050847459,112.8,115.18983050847459,0.0,9.0,
2020-09-18,24000.0,2881000.0,114.71186440677967,115.66779661016949,114.71186440677967,114.71186440677967,-0.47796610169491527,15.0,
2020-09-21,19000.0,2255500.0,113.75593220338983,113.75593220338983,113.27796610169491,113.27796610169491,-1.4338983050847458,17.0,
2020-09-22,33000.0,3802500.0,112.3220338983051,112.3220338983051,107.54237288135593,112.3220338983051,-0.9559322033898305,33.0,
2020-09-23,44000.0,5013500.0,110.88813559322034,110.88813559322034,108.02033898305085,108.97627118644068,-3.345762711864407,40.0,
2020-09-24,60100.0,6647500.0,107.54237288135593,107.54237288135593,104.67457627118644,105.15254237288136,-3.823728813559322,51.0,
2020-09-25,80070.0,8582525.0,105.15254237288136,106.58644067796611,100.37288135593221,101.32881355932204,-3.823728813559322,60.0,
2020-09-28,52000.0,5488000.0,102.76271186440678,104.67457627118644,97.50508474576272,104.67457627118644,3.345762711864407,41.0,
2020-09-29,11000.0,1222000.0,104.67457627118644,107.06440677966103,103.2406779661017,107.06440677966103,2.389830508474576,11.0,
2020-09-30,47000.0,5297500.0,105.63050847457627,109.9322033898305,105.63050847457627,109.9322033898305,2.8677966101694916,33.0,
2020-10-05,85000.0,10145500.0,109.9322033898305,118.05762711864408,109.9322033898305,114.71186440677967,4.779661016949152,78.0,
2020-10-06,32000.0,3890000.0,118.05762711864408,118.53559322033898,114.71186440677967,115.66779661016949,0.9559322033898305,31.0,
2020-10-07,16000.0,1935000.0,113.27796610169491,116.62372881355932,113.27796610169491,114.23389830508475,-1.4338983050847458,15.0,
2020-10-08,27000.0,3241500.0,114.23389830508475,116.1457627118644,113.75593220338983,114.71186440677967,0.47796610169491527,23.0,
2020-10-12,12100.0,1429700.0,116.1457627118644,116.1457627118644,111.36610169491526,111.36610169491526,-3.345762711864407,13.0,
2020-10-13,4000.0,475500.0,113.27796610169491,113.75593220338983,113.27796610169491,113.75593220338983,2.389830508474576,4.0,
2020-10-14,24000.0,2832500.0,113.27796610169491,114.23389830508475,111.84406779661018,112.3220338983051,-1.4338983050847458,15.0,
2020-10-15,25000.0,2952500.0,112.3220338983051,114.23389830508475,112.3220338983051,114.23389830508475,1.911864406779661,14.0,
2020-10-16,36000.0,4322500.0,114.71186440677967,115.66779661016949,113.75593220338983,114.71186440677967,0.47796610169491527,29.0,
2020-10-19,22025.0,2683625.0,112.8,118.05762711864408,112.8,115.18983050847459,0.47796610169491527,22.0,
2020-10-20,7000.0,843000.0,114.23389830508475,115.66779661016949,114.23389830508475,115.18983050847459,0.0,6.0,
2020-10-21,22000.0,2693000.0,115.66779661016949,118.53559322033898,115.66779661016949,116.62372881355932,1.4338983050847458,21.0,
2020-10-22,10200.0,1239900.0,116.62372881355932,117.10169491525424,115.66779661016949,116.62372881355932,0.0,11.0,
2020-10-23,13775.0,1695275.0,118.05762711864408,119.0135593220339,117.10169491525424,117.10169491525424,0.47796610169491527,13.0,
2020-10-26,3000.0,366000.0,116.62372881355932,116.62372881355932,116.62372881355932,116.62372881355932,-0.47796610169491527,3.0,
2020-10-27,15000.0,1805000.0,115.18983050847459,115.66779661016949,114.23389830508475,115.66779661016949,-0.9559322033898305,15.0,
2020-10-28,16001.0,1959633.0,116.62372881355932,119.0135593220339,116.1457627118644,116.1457627118644,0.47796610169491527,16.0,
2020-10-29,13001.0,1564109.0,115.66779661016949,115.66779661016949,114.23389830508475,114.23389830508475,-1.911864406779661,14.0,
2020-10-30,13000.0,1552000.0,115.66779661016949,115.66779661016949,113.27796610169491,113.27796610169491,-0.9559322033898305,13.0,
2020-11-02,380088.0,49000940.0,120.92542372881357,124.27118644067797,119.49152542372882,124.27118644067797,10.99322033898305,270.0,
2020-11-03,586001.0,79334136.0,126.66101694915254,134.7864406779661,124.27118644067797,128.0949152542373,3.823728813559322,482.0,
2020-11-04,83088.0,10909852.0,129.05084745762713,130.00677966101696,123.31525423728814,123.31525423728814,-4.779661016949152,80.0,
2020-11-05,25000.0,3249500.0,124.27118644067797,124.74915254237288,123.79322033898305,124.27118644067797,0.9559322033898305,25.0,
2020-11-06,49000.0,6362000.0,126.18305084745764,126.18305084745764,122.83728813559323,123.31525423728814,-0.9559322033898305,45.0,
2020-11-09,31000.0,4001500.0,124.27118644067797,124.27118644067797,122.83728813559323,123.31525423728814,0.0,20.0,
2020-11-10,51000.0,6475500.0,122.35932203389831,122.35932203389831,120.44745762711865,120.92542372881357,-2.389830508474576,50.0,
2020-11-11,19000.0,2416500.0,121.40338983050847,122.35932203389831,120.92542372881357,121.88135593220339,0.9559322033898305,19.0,
2020-11-12,160000.0,21408000.0,127.61694915254238,130.96271186440677,125.70508474576272,125.70508474576272,3.823728813559322,145.0,
2020-11-13,104041.0,14071596.0,126.66101694915254,131.9186440677966,125.2271186440678,130.48474576271187,4.779661016949152,86.0,
2020-11-16,64400.0,8838900.0,131.9186440677966,133.35254237288137,130.00677966101696,130.48474576271187,0.0,60.0,
2020-11-17,92000.0,12708500.0,132.87457627118644,133.35254237288137,130.96271186440677,132.87457627118644,2.389830508474576,80.0,
2020-11-18,66000.0,9207000.0,133.83050847457628,133.83050847457628,132.87457627118644,133.35254237288137,0.47796610169491527,53.0,
2020-11-19,196250.0,27960275.0,133.83050847457628,140.04406779661016,133.83050847457628,136.69830508474575,3.345762711864407,146.0,
2020-11-20,52010.0,7388920.0,137.6542372881356,137.6542372881356,134.30847457627118,134.7864406779661,-1.911864406779661,48.0,
2020-11-23,260050.0,39043050.0,144.3457627118644,146.73559322033898,138.61016949152543,146.25762711864408,11.471186440677966,218.0,
2020-11-24,202287.0,31733604.0,146.73559322033898,151.99322033898306,146.73559322033898,148.64745762711865,2.389830508474576,184.0,
2020-11-25,138050.0,21402775.0,150.0813559322034,150.0813559322034,144.3457627118644,149.12542372881356,0.47796610169491527,108.0,
2020-11-26,167190.0,26576522.0,149.12542372881356,154.86101694915254,149.12542372881356,154.86101694915254,5.735593220338983,133.0,
2020-11-27,304245.0,50422069.0,157.25084745762712,162.03050847457627,152.94915254237287,161.07457627118646,6.213559322033898,260.0,
2020-11-30,233548.0,40386704.0,163.46440677966103,168.24406779661018,162.9864406779661,163.46440677966103,2.389830508474576,206.0,
2020-12-01,183000.0,30234500.0,162.5084745762712,162.5084745762712,155.33898305084747,157.25084745762712,-6.213559322033898,163.0,
2020-12-02,82481.0,13551112.0,156.7728813559322,160.11864406779662,154.86101694915254,156.29491525423728,-0.9559322033898305,83.0,
2020-12-03,54000.0,8944500.0,157.72881355932205,160.59661016949153,155.81694915254238,160.59661016949153,4.301694915254237,51.0,
2020-12-04,68316.0,11476517.0,159.6406779661017,162.5084745762712,158.68474576271186,160.59661016949153,0.0,56.0,
2020-12-07,34000.0,5658500.0,162.5084745762712,162.5084745762712,156.7728813559322,158.20677966101695,-2.389830508474576,31.0,
2020-12-08,137415.0,22017480.0,152.94915254237287,155.33898305084747,151.03728813559323,151.03728813559323,-7.169491525423729,116.0,
2020-12-09,65100.0,10061950.0,149.6033898305085,149.6033898305085,147.21355932203392,147.69152542372882,-3.345762711864407,59.0,
2020-12-10,39050.0,6093750.0,146.73559322033898,151.99322033898306,146.73559322033898,149.12542372881356,1.4338983050847458,37.0,
2020-12-11,26001.0,4076655.0,149.12542372881356,152.47118644067797,148.16949152542372,149.12542372881356,0.0,27.0,
2020-12-14,12095.0,1894772.0,151.03728813559323,151.03728813559323,149.12542372881356,149.6033898305085,0.47796610169491527,12.0,
2020-12-15,45001.0,6919652.0,148.16949152542372,149.12542372881356,145.30169491525425,146.25762711864408,-3.345762711864407,42.0,
2020-12-16,25052.0,3825086.0,143.38983050847457,148.64745762711865,143.38983050847457,148.64745762711865,2.389830508474576,25.0,
2020-12-17,17540.0,2720320.0,146.73559322033898,149.12542372881356,146.73559322033898,148.16949152542372,-0.47796610169491527,18.0,
2020-12-18,2000.0,309000.0,147.21355932203392,148.16949152542372,147.21355932203392,148.16949152542372,0.0,2.0,
2020-12-21,15000.0,2312000.0,149.12542372881356,149.12542372881356,146.73559322033898,147.69152542372882,-0.47796610169491527,14.0,
2020-12-22,24003.0,3652962.0,146.73559322033898,146.73559322033898,143.8677966101695,146.25762711864408,-1.4338983050847458,26.0,
2020-12-23,34000.0,5120500.0,144.8237288135593,144.8237288135593,143.38983050847457,143.38983050847457,-2.8677966101694916,31.0,
2020-12-24,27082.0,4048136.0,144.3457627118644,144.3457627118644,141.0,142.91186440677967,-0.47796610169491527,30.0,
2020-12-25,30000.0,4413500.0,142.91186440677967,142.91186440677967,139.56610169491526,140.04406779661016,-2.8677966101694916,28.0,
2020-12-28,13024.0,1943100.0,141.0,144.8237288135593,141.0,143.38983050847457,3.345762711864407,15.0,
2020-12-29,5000.0,744000.0,142.43389830508474,142.91186440677967,141.47796610169493,141.47796610169493,-1.911864406779661,5.0,
2020-12-30,8030.0,1191350.0,141.47796610169493,142.43389830508474,141.47796610169493,142.43389830508474,0.9559322033898305,9.0,
2020-12-31,17000.0,2560500.0,141.95593220338984,144.3457627118644,141.95593220338984,143.8677966101695,1.4338983050847458,16.0,
2021-01-04,15030.0,2236545.0,143.38983050847457,143.38983050847457,141.47796610169493,141.47796610169493,-2.389830508474576,16.0,
2021-01-05,12042.0,1793510.0,142.43389830508474,142.91186440677967,141.47796610169493,141.47796610169493,0.0,13.0,
2021-01-06,20000.0,2970000.0,141.95593220338984,142.91186440677967,141.0,141.0,-0.47796610169491527,20.0,
2021-01-07,51000.0,7735500.0,142.91186440677967,147.21355932203392,142.91186440677967,146.25762711864408,5.257627118644068,32.0,
2021-01-08,29000.0,4449500.0,147.21355932203392,147.69152542372882,145.30169491525425,147.21355932203392,0.9559322033898305,25.0,
2021-01-11,10000.0,1536000.0,148.16949152542372,148.16949152542372,145.77966101694915,146.25762711864408,-0.9559322033898305,10.0,
2021-01-12,10000.0,1533500.0,148.16949152542372,148.64745762711865,144.8237288135593,144.8237288135593,-1.4338983050847458,10.0,
2021-01-13,35000.0,5330000.0,143.8677966101695,146.25762711864408,143.8677966101695,146.25762711864408,1.4338983050847458,32.0,
2021-01-14,43019.0,6445859.0,144.8237288135593,145.30169491525425,142.43389830508474,142.91186440677967,-3.345762711864407,41.0,
2021-01-15,27057.0,4004993.0,142.91186440677967,142.91186440677967,140.5220338983051,141.95593220338984,-0.9559322033898305,26.0,
2021-01-18,5070.0,750395.0,141.47796610169493,141.47796610169493,141.47796610169493,141.47796610169493,-0.47796610169491527,6.0,
2021-01-19,20000.0,2941500.0,141.0,141.0,139.56610169491526,139.56610169491526,-1.911864406779661,20.0,
2021-01-20,57003.0,8063438.0,139.56610169491526,139.56610169491526,132.39661016949154,132.87457627118644,-6.691525423728814,55.0,
2021-01-21,13001.0,1829642.0,132.87457627118644,135.26440677966102,132.87457627118644,134.7864406779661,1.911864406779661,14.0,
2021-01-22,9073.0,1287866.0,135.26440677966102,136.69830508474575,134.7864406779661,135.26440677966102,0.47796610169491527,10.0,
2021-01-25,12000.0,1694500.0,134.7864406779661,136.22033898305085,133.83050847457628,136.22033898305085,0.9559322033898305,12.0,
2021-01-26,19000.0,2728500.0,136.22033898305085,139.08813559322033,136.22033898305085,137.6542372881356,1.4338983050847458,16.0,
2021-01-27,2000.0,287500.0,138.13220338983052,138.13220338983052,136.69830508474575,136.69830508474575,-0.9559322033898305,2.0,
2021-01-28,8000.0,1138000.0,135.74237288135595,136.69830508474575,135.26440677966102,136.69830508474575,0.0,6.0,
2021-01-29,15000.0,2120500.0,136.69830508474575,136.69830508474575,133.83050847457628,133.83050847457628,-2.8677966101694916,14.0,
2021-02-01,30000.0,4186500.0,133.83050847457628,133.83050847457628,133.35254237288137,133.35254237288137,-0.47796610169491527,16.0,
2021-02-02,17000.0,2379000.0,133.35254237288137,134.7864406779661,133.35254237288137,133.83050847457628,0.47796610169491527,14.0,
2021-02-03,15000.0,2099000.0,133.83050847457628,134.7864406779661,133.35254237288137,134.30847457627118,0.47796610169491527,15.0,
2021-02-04,14000.0,1957500.0,133.83050847457628,134.7864406779661,132.87457627118644,133.83050847457628,-0.47796610169491527,14.0,
2021-02-05,68046.0,10138678.0,137.6542372881356,146.73559322033898,137.6542372881356,141.47796610169493,7.647457627118644,70.0,
2021-02-17,59000.0,9068500.0,143.8677966101695,151.03728813559323,143.8677966101695,144.3457627118644,2.8677966101694916,51.0,
2021-02-18,23031.0,3513774.0,144.8237288135593,148.16949152542372,144.8237288135593,145.77966101694915,1.4338983050847458,21.0,
2021-02-19,20289.0,3130429.0,145.77966101694915,149.6033898305085,145.77966101694915,147.69152542372882,1.911864406779661,24.0,
2021-02-22,21025.0,3258374.0,148.64745762711865,149.6033898305085,146.73559322033898,148.16949152542372,0.47796610169491527,23.0,
2021-02-23,71288.0,11300929.0,149.12542372881356,152.94915254237287,148.64745762711865,151.99322033898306,3.823728813559322,63.0,
2021-02-24,40000.0,6299000.0,153.9050847457627,153.9050847457627,149.12542372881356,149.12542372881356,-2.8677966101694916,31.0,
2021-02-25,19000.0,2970500.0,149.12542372881356,150.0813559322034,149.12542372881356,149.6033898305085,0.47796610169491527,15.0,
2021-02-26,39209.0,5967787.0,149.12542372881356,149.12542372881356,144.3457627118644,144.8237288135593,-4.779661016949152,38.0,
2021-03-02,31025.0,4750300.0,147.69152542372882,147.69152542372882,145.77966101694915,145.77966101694915,0.9559322033898305,22.0,
2021-03-03,9000.0,1382500.0,146.73559322033898,147.69152542372882,146.25762711864408,146.73559322033898,0.9559322033898305,9.0,
2021-03-04,17000.0,2629000.0,147.21355932203392,148.64745762711865,147.21355932203392,148.64745762711865,1.911864406779661,17.0,
2021-03-05,23000.0,3577500.0,148.64745762711865,149.12542372881356,148.16949152542372,148.64745762711865,0.0,15.0,
2021-03-08,26000.0,4092000.0,151.51525423728813,151.51525423728813,149.6033898305085,149.6033898305085,0.9559322033898305,20.0,
2021-03-09,18000.0,2810000.0,149.12542372881356,149.6033898305085,149.12542372881356,149.12542372881356,-0.47796610169491527,16.0,
2021-03-10,14000.0,2197500.0,149.6033898305085,150.0813559322034,149.6033898305085,150.0813559322034,0.9559322033898305,11.0,
2021-03-11,106061.0,16921199.0,150.0813559322034,154.86101694915254,150.0813559322034,153.9050847457627,3.823728813559322,71.0,
2021-03-12,66051.0,10766228.0,155.81694915254238,157.25084745762712,153.9050847457627,153.9050847457627,0.0,70.0,
2021-03-15,67003.0,10954484.0,155.33898305084747,157.25084745762712,155.33898305084747,156.7728813559322,2.8677966101694916,58.0,
2021-03-16,40000.0,6474500.0,157.25084745762712,157.25084745762712,153.4271186440678,154.86101694915254,-1.911864406779661,37.0,
2021-03-17,40004.0,6396138.0,153.9050847457627,154.38305084745764,151.51525423728813,152.47118644067797,-2.389830508474576,40.0,
2021-03-18,18000.0,2889000.0,153.9050847457627,157.25084745762712,151.99322033898306,152.47118644067797,0.0,18.0,
2021-03-19,21000.0,3322500.0,151.03728813559323,152.47118644067797,150.5593220338983,151.03728813559323,-1.4338983050847458,19.0,
2021-03-22,22000.0,3468500.0,151.03728813559323,151.51525423728813,150.0813559322034,151.03728813559323,0.0,22.0,
2021-03-23,30000.0,4700500.0,151.51525423728813,151.51525423728813,149.12542372881356,149.12542372881356,-1.911864406779661,25.0,
2021-03-24,36150.0,5782725.0,150.0813559322034,153.9050847457627,150.0813559322034,152.94915254237287,3.823728813559322,34.0,
2021-03-25,40023.0,6275540.0,151.51525423728813,151.51525423728813,148.16949152542372,151.03728813559323,-1.911864406779661,40.0,
2021-03-26,59011.0,9218227.0,150.5593220338983,150.5593220338983,148.64745762711865,150.0813559322034,-0.9559322033898305,43.0,
2021-03-29,49000.0,7628000.0,150.0813559322034,150.0813559322034,148.16949152542372,148.16949152542372,-1.911864406779661,37.0,
2021-03-30,26000.0,4050000.0,147.21355932203392,149.6033898305085,147.21355932203392,149.6033898305085,1.4338983050847458,23.0,
2021-03-31,99000.0,15358000.0,150.5593220338983,150.5593220338983,147.69152542372882,148.16949152542372,-1.4338983050847458,45.0,
2021-04-01,41150.0,6333100.0,147.69152542372882,148.64745762711865,146.25762711864408,148.64745762711865,0.47796610169491527,37.0,
2021-04-06,103100.0,16435150.0,149.12542372881356,153.9050847457627,149.12542372881356,152.94915254237287,4.301694915254237,92.0,
2021-04-07,51003.0,8223483.0,152.94915254237287,154.86101694915254,151.03728813559323,154.86101694915254,1.911864406779661,37.0,
2021-04-08,30018.0,4828988.0,153.9050847457627,154.86101694915254,152.94915254237287,153.4271186440678,-1.4338983050847458,30.0,
2021-04-09,53055.0,8356100.0,152.94915254237287,152.94915254237287,149.12542372881356,149.6033898305085,-3.823728813559322,50.0,
2021-04-12,43000.0,6684000.0,149.6033898305085,150.0813559322034,148.16949152542372,148.16949152542372,-1.4338983050847458,38.0,
2021-04-13,27001.0,4189154.0,148.16949152542372,149.12542372881356,147.21355932203392,147.69152542372882,-0.47796610169491527,25.0,
2021-04-14,75000.0,11678000.0,147.69152542372882,151.99322033898306,147.69152542372882,147.69152542372882,0.0,71.0,
2021-04-15,11000.0,1721000.0,148.64745762711865,150.0813559322034,148.64745762711865,148.64745762711865,0.9559322033898305,11.0,
2021-04-16,8000.0,1240500.0,148.64745762711865,148.64745762711865,147.69152542372882,147.69152542372882,-0.9559322033898305,8.0,
2021-04-19,36000.0,5668000.0,151.03728813559323,151.51525423728813,149.12542372881356,149.6033898305085,1.911864406779661,28.0,
2021-04-20,20000.0,3125500.0,149.6033898305085,149.6033898305085,149.12542372881356,149.6033898305085,0.0,19.0,
2021-04-21,34001.0,5307156.0,149.6033898305085,149.6033898305085,148.64745762711865,148.64745762711865,-0.9559322033898305,33.0,
2021-04-22,51010.0,8045590.0,149.12542372881356,152.94915254237287,148.64745762711865,150.5593220338983,1.911864406779661,46.0,
2021-04-23,53000.0,8482500.0,151.51525423728813,154.38305084745764,150.5593220338983,152.94915254237287,2.389830508474576,44.0,
2021-04-26,24000.0,3870500.0,155.81694915254238,155.81694915254238,151.99322033898306,151.99322033898306,-0.9559322033898305,22.0,
2021-04-27,279385.0,46816874.0,159.6406779661017,163.46440677966103,158.20677966101695,158.20677966101695,6.213559322033898,245.0,
2021-04-28,75600.0,12350228.0,158.20677966101695,158.68474576271186,154.38305084745764,154.38305084745764,-3.823728813559322,73.0,
2021-04-29,63000.0,10304000.0,154.86101694915254,157.72881355932205,154.86101694915254,155.81694915254238,1.4338983050847458,58.0,
2021-05-03,57004.0,9095632.0,154.86101694915254,154.86101694915254,150.0813559322034,150.5593220338983,-5.257627118644068,53.0,
2021-05-04,67210.0,10411428.0,150.5593220338983,150.5593220338983,145.77966101694915,148.16949152542372,-2.389830508474576,87.0,
2021-05-05,23008.0,3577248.0,150.0813559322034,150.0813559322034,147.21355932203392,147.21355932203392,-0.9559322033898305,21.0,
2021-05-06,14000.0,2157000.0,148.16949152542372,149.12542372881356,146.73559322033898,147.21355932203392,0.0,12.0,
2021-05-07,22000.0,3451500.0,149.12542372881356,150.5593220338983,149.12542372881356,150.0813559322034,2.8677966101694916,21.0,
2021-05-10,26000.0,4139500.0,150.0813559322034,152.94915254237287,150.0813559322034,151.99322033898306,1.911864406779661,26.0,
2021-05-11,45008.0,7066248.0,151.99322033898306,152.94915254237287,147.69152542372882,149.12542372881356,-2.8677966101694916,45.0,
2021-05-12,104000.0,15441000.0,148.16949152542372,148.16949152542372,134.7864406779661,141.47796610169493,-7.647457627118644,88.0,
2021-05-13,75001.0,10897646.0,138.61016949152543,141.95593220338984,137.6542372881356,139.08813559322033,-2.389830508474576,58.0,
2021-05-14,22001.0,3181145.0,138.61016949152543,139.56610169491526,137.6542372881356,137.6542372881356,-1.4338983050847458,21.0,
2021-05-17,60001.0,8299637.0,133.35254237288137,133.83050847457628,130.00677966101696,130.00677966101696,-7.647457627118644,52.0,
2021-05-18,48001.0,6713142.0,130.00677966101696,136.22033898305085,130.00677966101696,136.22033898305085,6.213559322033898,44.0,
2021-05-19,18000.0,2523000.0,136.22033898305085,136.22033898305085,132.87457627118644,136.22033898305085,0.0,18.0,
2021-05-20,21098.0,2973818.0,136.69830508474575,136.69830508474575,133.83050847457628,133.83050847457628,-2.389830508474576,20.0,
2021-05-21,32030.0,4667410.0,135.74237288135595,142.43389830508474,135.74237288135595,139.56610169491526,5.735593220338983,29.0,
2021-05-24,26000.0,3818000.0,139.56610169491526,142.91186440677967,137.6542372881356,141.95593220338984,2.389830508474576,21.0,
2021-05-25,27000.0,3983500.0,142.91186440677967,142.91186440677967,139.56610169491526,139.56610169491526,-2.389830508474576,27.0,
2021-05-26,7001.0,1018646.0,139.08813559322033,140.04406779661016,138.61016949152543,140.04406779661016,0.47796610169491527,8.0,
2021-05-27,3022.0,440690.0,139.08813559322033,139.56610169491526,139.08813559322033,139.56610169491526,-0.47796610169491527,5.0,
2021-05-28,18030.0,2656470.0,140.5220338983051,141.47796610169493,139.56610169491526,141.47796610169493,1.911864406779661,17.0,
2021-05-31,18000.0,2653500.0,141.47796610169493,141.47796610169493,140.5220338983051,140.5220338983051,-0.9559322033898305,17.0,
2021-06-01,8000.0,1175000.0,140.5220338983051,140.5220338983051,140.04406779661016,140.5220338983051,0.0,8.0,
2021-06-02,5036.0,745196.0,141.47796610169493,141.47796610169493,141.47796610169493,141.47796610169493,0.9559322033898305,10.0,
2021-06-03,16099.0,2390152.0,141.95593220338984,142.43389830508474,140.5220338983051,140.5220338983051,-0.9559322033898305,18.0,
2021-06-04,12000.0,1755000.0,140.04406779661016,140.04406779661016,139.56610169491526,139.56610169491526,-0.9559322033898305,11.0,
2021-06-07,34000.0,5040500.0,140.5220338983051,143.8677966101695,140.5220338983051,141.47796610169493,1.911864406779661,33.0,
2021-06-08,13000.0,1928500.0,142.43389830508474,142.91186440677967,141.0,141.47796610169493,0.0,12.0,
2021-06-09,203001.0,31838154.0,148.16949152542372,154.86101694915254,147.21355932203392,148.64745762711865,7.169491525423729,186.0,
2021-06-10,40000.0,6217500.0,149.12542372881356,149.12542372881356,147.69152542372882,147.69152542372882,-0.9559322033898305,39.0,
2021-06-11,26000.0,4014000.0,149.12542372881356,149.12542372881356,146.25762711864408,146.73559322033898,-0.9559322033898305,24.0,
2021-06-15,11000.0,1687500.0,146.73559322033898,147.21355932203392,146.25762711864408,146.73559322033898,0.0,11.0,
2021-06-16,15000.0,2291000.0,146.25762711864408,146.73559322033898,145.30169491525425,145.30169491525425,-1.4338983050847458,15.0,
2021-06-17,10501.0,1596654.0,145.30169491525425,146.25762711864408,145.30169491525425,145.30169491525425,0.0,13.0,
2021-06-18,17250.0,2653250.0,146.25762711864408,147.69152542372882,146.25762711864408,147.21355932203392,1.911864406779661,17.0,
2021-06-21,14265.0,2170735.0,145.77966101694915,145.77966101694915,145.30169491525425,145.77966101694915,-1.4338983050847458,16.0,
2021-06-22,13000.0,1978500.0,145.77966101694915,146.25762711864408,144.8237288135593,146.25762711864408,0.47796610169491527,13.0,
2021-06-23,12000.0,1834000.0,145.77966101694915,146.25762711864408,145.77966101694915,146.25762711864408,0.0,11.0,
2021-06-24,20001.0,3109655.0,146.73559322033898,149.6033898305085,146.73559322033898,149.6033898305085,3.345762711864407,17.0,
2021-06-25,87300.0,13983500.0,150.0813559322034,155.81694915254238,150.0813559322034,154.86101694915254,5.257627118644068,74.0,
2021-06-28,268324.0,44892041.0,157.25084745762712,163.94237288135594,157.25084745762712,162.5084745762712,7.647457627118644,222.0,
2021-06-29,125067.0,20777484.0,163.94237288135594,163.94237288135594,155.33898305084747,155.33898305084747,-7.169491525423729,128.0,
2021-06-30,75245.0,12354522.0,155.81694915254238,162.03050847457627,152.94915254237287,162.03050847457627,6.691525423728814,69.0,
2021-07-01,62205.0,10321097.0,162.03050847457627,162.03050847457627,156.29491525423728,157.25084745762712,-4.779661016949152,60.0,
2021-07-02,53551.0,8757857.0,158.68474576271186,158.68474576271186,154.38305084745764,157.25084745762712,0.0,60.0,
2021-07-05,43025.0,7026567.0,156.7728813559322,157.25084745762712,154.86101694915254,157.25084745762712,0.0,41.0,
2021-07-06,32124.0,5269920.0,155.33898305084747,158.68474576271186,154.86101694915254,157.72881355932205,0.47796610169491527,35.0,
2021-07-07,52295.0,8680444.0,158.68474576271186,160.59661016949153,157.72881355932205,157.72881355932205,0.0,59.0,
2021-07-08,24000.0,3982500.0,157.72881355932205,159.6406779661017,157.72881355932205,157.72881355932205,0.0,22.0,
2021-07-09,22000.0,3602500.0,155.81694915254238,158.68474576271186,155.33898305084747,157.72881355932205,0.0,22.0,
2021-07-12,34829.0,5665053.0,156.29491525423728,156.29491525423728,154.86101694915254,155.33898305084747,-2.389830508474576,42.0,
2021-07-13,68200.0,10941849.0,155.33898305084747,155.33898305084747,151.99322033898306,151.99322033898306,-3.345762711864407,60.0,
2021-07-14,81361.0,12762381.0,152.47118644067797,152.47118644067797,147.69152542372882,150.0813559322034,-1.911864406779661,72.0,
2021-07-15,23000.0,3648000.0,151.99322033898306,151.99322033898306,151.03728813559323,151.03728813559323,0.9559322033898305,23.0,
2021-07-16,9000.0,1425000.0,151.03728813559323,151.99322033898306,150.5593220338983,151.03728813559323,0.0,9.0,
2021-07-19,21043.0,3291208.0,151.03728813559323,151.03728813559323,148.16949152542372,148.64745762711865,-2.389830508474576,17.0,
2021-07-20,41205.0,6313225.0,148.16949152542372,148.16949152542372,145.30169491525425,146.25762711864408,-2.389830508474576,32.0,
2021-07-21,4099.0,629147.0,146.73559322033898,146.73559322033898,146.73559322033898,146.73559322033898,0.47796610169491527,5.0,
2021-07-22,100000.0,14850500.0,139.56610169491526,144.8237288135593,139.56610169491526,142.43389830508474,-4.301694915254237,79.0,
2021-07-23,6092.0,917208.0,142.43389830508474,145.30169491525425,142.43389830508474,144.8237288135593,2.389830508474576,9.0,
2021-07-26,9000.0,1356500.0,143.8677966101695,144.3457627118644,143.8677966101695,143.8677966101695,-0.9559322033898305,9.0,
2021-07-27,17010.0,2586495.0,143.8677966101695,147.21355932203392,143.38983050847457,146.25762711864408,2.389830508474576,16.0,
2021-07-28,23246.0,3544892.0,148.16949152542372,148.16949152542372,145.30169491525425,145.30169491525425,-0.9559322033898305,21.0,
2021-07-29,12001.0,1875157.0,145.30169491525425,150.0813559322034,145.30169491525425,150.0813559322034,4.779661016949152,13.0,
2021-07-30,71000.0,10640500.0,142.43389830508474,144.3457627118644,142.43389830508474,142.91186440677967,-7.169491525423729,64.0,
2021-08-02,77018.0,11399664.0,144.3457627118644,144.3457627118644,139.08813559322033,140.5220338983051,-2.389830508474576,75.0,
2021-08-03,33000.0,4868500.0,140.5220338983051,142.43389830508474,140.04406779661016,141.47796610169493,0.9559322033898305,27.0,
2021-08-04,27150.0,4002625.0,141.47796610169493,141.47796610169493,140.04406779661016,140.04406779661016,-1.4338983050847458,25.0,
2021-08-05,5150.0,755700.0,140.04406779661016,140.5220338983051,140.04406779661016,140.5220338983051,0.47796610169491527,6.0,
2021-08-06,25210.0,3687473.0,140.5220338983051,140.5220338983051,139.56610169491526,139.56610169491526,-0.9559322033898305,27.0,
2021-08-09,24147.0,3476815.0,138.61016949152543,138.61016949152543,137.1762711864407,137.1762711864407,-2.389830508474576,26.0,
2021-08-10,25000.0,3607500.0,139.56610169491526,141.0,136.69830508474575,141.0,3.823728813559322,21.0,
2021-08-11,24000.0,3467000.0,139.08813559322033,139.08813559322033,137.1762711864407,138.13220338983052,-2.8677966101694916,24.0,
2021-08-12,16000.0,2302000.0,137.1762711864407,139.08813559322033,136.69830508474575,138.61016949152543,0.47796610169491527,15.0,
2021-08-13,64000.0,8995000.0,137.6542372881356,137.6542372881356,133.35254237288137,133.35254237288137,-5.257627118644068,58.0,
2021-08-16,23046.0,3172032.0,132.39661016949154,132.39661016949154,130.48474576271187,131.9186440677966,-1.4338983050847458,20.0,
2021-08-17,11693.0,1614538.0,131.4406779661017,135.26440677966102,130.96271186440677,130.96271186440677,-0.9559322033898305,24.0,
2021-08-18,14148.0,1926646.0,130.00677966101696,131.9186440677966,129.05084745762713,131.4406779661017,0.47796610169491527,17.0,
2021-08-19,15000.0,2056500.0,131.9186440677966,131.9186440677966,129.52881355932203,130.00677966101696,-1.4338983050847458,13.0,
2021-08-20,11350.0,1565624.0,131.4406779661017,134.30847457627118,130.48474576271187,131.4406779661017,1.4338983050847458,16.0,
2021-08-23,8009.0,1116751.0,131.9186440677966,134.30847457627118,131.9186440677966,134.30847457627118,2.8677966101694916,10.0,
2021-08-24,19101.0,2700842.0,134.30847457627118,135.74237288135595,134.30847457627118,135.74237288135595,1.4338983050847458,21.0,
2021-08-25,3100.0,438500.0,136.69830508474575,136.69830508474575,133.83050847457628,134.7864406779661,-0.9559322033898305,5.0,
2021-08-26,2000.0,282000.0,134.7864406779661,134.7864406779661,134.7864406779661,134.7864406779661,0.0,2.0,
2021-08-27,7007.0,988008.0,133.83050847457628,135.74237288135595,133.83050847457628,135.74237288135595,0.9559322033898305,8.0,
2021-08-30,4050.0,582250.0,136.69830508474575,137.6542372881356,136.69830508474575,137.6542372881356,1.911864406779661,5.0,
2021-08-31,2050.0,291700.0,135.74237288135595,136.22033898305085,135.74237288135595,136.22033898305085,-1.4338983050847458,3.0,
2021-09-01,11000.0,1563000.0,135.26440677966102,136.22033898305085,135.26440677966102,136.22033898305085,0.0,11.0,
2021-09-02,9000.0,1277000.0,135.26440677966102,137.1762711864407,135.26440677966102,137.1762711864407,0.9559322033898305,9.0,
2021-09-03,17036.0,2492353.0,144.3457627118644,144.3457627118644,137.6542372881356,141.0,3.823728813559322,26.0,
2021-09-06,17004.0,2398564.0,141.5,144.0,139.5,139.5,0.0,17.0,
2021-09-07,1000.0,142000.0,142.0,142.0,142.0,142.0,2.5,1.0,
2021-09-08,10000.0,1411500.0,141.5,141.5,140.0,141.0,-1.0,10.0,
2021-09-09,1000.0,142500.0,142.5,142.5,142.5,142.5,1.5,1.0,
2021-09-10,6000.0,848000.0,141.0,142.0,140.5,141.0,-1.5,6.0,
2021-09-13,8000.0,1127000.0,141.0,141.0,140.5,140.5,-0.5,7.0,
2021-09-14,3012.0,424192.0,141.0,141.0,140.5,140.5,0.0,4.0,
2021-09-15,3012.0,428683.0,142.5,142.5,142.0,142.5,2.0,5.0,
2021-09-16,0.0,0.0,0.0,0.0,0.0,0.0,0.0,0.0,
2021-09-17,2000.0,282000.0,141.0,141.0,141.0,141.0,0.0,2.0,
2021-09-22,15000.0,2060000.0,137.5,138.0,136.5,136.5,-4.5,14.0,
2021-09-23,6000.0,825500.0,137.5,138.5,137.0,137.5,1.0,6.0,
2021-09-24,12000.0,1692000.0,139.0,142.5,139.0,142.5,5.0,12.0,
2021-09-27,13000.0,1839500.0,141.0,142.5,141.0,141.0,-1.5,9.0,
2021-09-28,2000.0,281500.0,141.0,141.0,140.5,140.5,-0.5,2.0,
2021-09-29,41000.0,5603500.0,139.0,140.5,134.0,136.5,-4.0,38.0,
2021-09-30,7004.0,969540.0,135.5,139.5,135.5,139.5,3.0,8.0,
2021-10-01,19000.0,2588000.0,137.0,138.5,134.5,134.5,-5.0,18.0,
2021-10-04,17003.0,2299909.0,134.5,136.5,134.0,135.0,0.5,16.0,
2021-10-05,14093.0,1912241.0,136.0,136.5,135.0,135.0,0.0,14.0,
2021-10-06,10000.0,1348000.0,135.5,135.5,134.0,134.0,-1.0,9.0,
2021-10-07,3004.0,404548.0,134.0,135.0,134.0,135.0,1.0,4.0,
2021-10-08,57000.0,8035000.0,140.0,144.5,139.0,142.0,7.0,54.0,
2021-10-12,15000.0,2088000.0,140.0,140.5,138.5,138.5,-3.5,15.0,
2021-10-13,17030.0,2322155.0,137.5,137.5,135.0,135.0,-3.5,18.0,
2021-10-14,3000.0,406500.0,136.0,136.0,134.5,134.5,-0.5,3.0,
2021-10-15,17000.0,2336500.0,136.0,138.5,136.0,137.5,3.0,11.0,
2021-10-18,13001.0,1806145.0,138.5,139.5,138.5,138.5,1.0,12.0,
2021-10-19,7000.0,976500.0,137.5,140.5,137.5,140.5,2.0,7.0,
2021-10-20,4000.0,563000.0,140.5,141.5,140.5,141.5,1.0,4.0,
2021-10-21,7000.0,983000.0,141.0,141.0,139.5,141.0,-0.5,7.0,
2021-10-22,1000.0,140000.0,140.0,140.0,140.0,140.0,-1.0,1.0,
2021-10-25,15000.0,2077500.0,139.0,139.5,137.5,138.5,-1.5,15.0,
2021-10-26,10101.0,1409039.0,138.5,140.5,138.5,140.5,2.0,13.0,
2021-10-27,4000.0,557000.0,139.5,139.5,139.0,139.0,-1.5,4.0,
2021-10-28,0.0,0.0,0.0,0.0,0.0,0.0,0.0,0.0,
2021-10-29,13000.0,1796500.0,138.0,138.5,138.0,138.5,0.0,13.0,
2021-11-01,16000.0,2212500.0,138.5,139.0,137.5,139.0,0.5,15.0,
2021-11-02,7100.0,988750.0,139.0,139.5,139.0,139.0,0.0,8.0,
2021-11-03,9000.0,1259500.0,140.0,140.0,139.5,140.0,1.0,8.0,
2021-11-04,28000.0,3968000.0,140.5,142.5,140.5,142.5,2.5,23.0,
2021-11-05,45000.0,6516500.0,141.5,146.5,141.0,146.5,4.0,43.0,
2021-11-08,12014.0,1758684.0,147.0,147.0,145.5,146.0,-0.5,13.0,
2021-11-09,12001.0,1730140.0,146.0,146.0,143.0,144.0,-2.0,12.0,
2021-11-10,16006.0,2327929.0,144.5,146.5,144.5,145.0,1.0,17.0,
2021-11-11,5000.0,728500.0,145.5,146.0,145.0,145.0,0.0,4.0,
2021-11-12,16000.0,2296500.0,144.0,144.0,143.0,143.0,-2.0,15.0,
2021-11-15,22000.0,3131500.0,143.5,143.5,141.5,141.5,-1.5,19.0,
2021-11-16,16000.0,2264500.0,142.0,142.0,141.0,141.0,-0.5,13.0,
2021-11-17,2000.0,284000.0,142.0,142.0,142.0,142.0,1.0,2.0,
2021-11-18,7030.0,995260.0,142.0,142.0,141.5,141.5,-0.5,9.0,
2021-11-19,4000.0,565000.0,141.5,141.5,141.0,141.0,-0.5,4.0,
2021-11-22,6020.0,847390.0,141.0,141.0,140.5,141.0,0.0,7.0,
2021-11-23,5000.0,703500.0,140.5,141.0,140.0,141.0,0.0,5.0,
2021-11-24,2300.0,323950.0,140.5,141.0,140.5,141.0,0.0,6.0,
2021-11-25,7000.0,981000.0,141.0,141.0,139.5,139.5,-1.5,7.0,
